{"sections":{"banner":{"type":"main-collection-banner","disabled":true,"settings":{"show_collection_description":true,"show_collection_image":false,"color_scheme":"scheme-1"}},"product-grid":{"type":"main-collection-product-grid","custom_css":[".gradient {\/* background: transparent; *\/}",".footer__content-bottom {border-top: solid 0rem rgba(var(--color-foreground), 0.08);}","hr {display: none;}"],"settings":{"products_per_page":16,"columns_desktop":4,"columns_mobile":"1","color_scheme":"scheme-1","image_ratio":"adapt","image_shape":"default","show_secondary_image":false,"show_vendor":false,"show_rating":false,"quick_add":"none","enable_filtering":false,"filter_type":"horizontal","enable_sorting":false,"padding_top":36,"padding_bottom":36}}},"order":["banner","product-grid"]}