{"sections":{"image_banner":{"type":"image-banner","blocks":{"heading":{"type":"heading","settings":{"heading":"Browse our latest products","heading_size":"h0"}},"button":{"type":"buttons","settings":{"button_label_1":"Shop all","button_link_1":"shopify:\/\/collections\/all","button_style_secondary_1":true,"button_label_2":"","button_link_2":"","button_style_secondary_2":false}}},"block_order":["heading","button"],"settings":{"image_overlay_opacity":0,"image_height":"large","image_behavior":"none","desktop_content_position":"bottom-center","desktop_content_alignment":"center","show_text_box":false,"color_scheme":"scheme-3","stack_images_on_mobile":false,"mobile_content_alignment":"center","show_text_below":false}},"featured_collection":{"type":"featured-collection","custom_css":[".gradient {background: transparent;}",".title {\/* font-family: Amador; *\/ text-align: center;}",".collection__description {\/* font-family: \"trilby\", serif; *\/ text-align: center;}",".card__heading {\/* font-family: \"trilby\", serif; *\/ font-size: 2.75rem; text-align: center;}",".price {\/* font-family: \"trilby\", serif; *\/ font-size: 2rem; letter-spacing: 0.1rem; text-align: center;}",".underline-links-hover:hover a {text-decoration: none;}"],"settings":{"collection":"all","products_to_show":8,"title":"Featured products","heading_size":"h2","description":"","show_description":false,"description_style":"body","columns_desktop":2,"enable_desktop_slider":false,"full_width":false,"show_view_all":false,"view_all_style":"solid","color_scheme":"scheme-1","image_ratio":"adapt","image_shape":"default","show_secondary_image":true,"show_vendor":false,"show_rating":false,"quick_add":"none","columns_mobile":"1","swipe_on_mobile":false,"padding_top":44,"padding_bottom":36}}},"order":["image_banner","featured_collection"]}