{"sections":{"main":{"type":"main-product","blocks":{"vendor":{"type":"text","disabled":true,"settings":{"text":"{{ product.vendor }}","text_style":"uppercase"}},"title":{"type":"title","settings":{}},"price":{"type":"price","settings":{}},"variant_picker":{"type":"variant_picker","settings":{"picker_type":"button","swatch_shape":"circle"}},"wj_toolbox_size_charts_block_4ARjJQ":{"type":"shopify:\/\/apps\/wj-toolbox\/blocks\/size-charts-block\/9f6fe686-01d2-4b3c-a479-fa6915a286e8","settings":{"link_color":"#000000","icon_color":"#000000"}},"quantity_selector":{"type":"quantity_selector","settings":{}},"buy_buttons":{"type":"buy_buttons","settings":{"show_dynamic_checkout":true,"show_gift_card_recipient":true}},"wj_toolbox_dynamic_variant_messages_Crzcde":{"type":"shopify:\/\/apps\/wj-toolbox\/blocks\/dynamic-variant-messages\/9f6fe686-01d2-4b3c-a479-fa6915a286e8","settings":{"container_id":"message-container"}},"description":{"type":"description","settings":{}},"share":{"type":"share","settings":{"share_label":"Share"}}},"block_order":["vendor","title","price","variant_picker","wj_toolbox_size_charts_block_4ARjJQ","quantity_selector","buy_buttons","wj_toolbox_dynamic_variant_messages_Crzcde","description","share"],"custom_css":[".gradient {\/* background: transparent; *\/}","h1 {\/* font-family: \"trilby\", serif; *\/}"],"settings":{"enable_sticky_info":true,"color_scheme":"scheme-1","media_size":"medium","constrain_to_viewport":true,"media_fit":"contain","gallery_layout":"thumbnail_slider","mobile_thumbnails":"hide","media_position":"left","image_zoom":"lightbox","hide_variants":true,"enable_video_looping":false,"padding_top":36,"padding_bottom":12}},"related-products":{"type":"related-products","custom_css":[".gradient {\/* background: transparent; *\/}",".footer__content-bottom {border-top: solid 0rem rgba(var(--color-foreground), 0.08);}"],"settings":{"heading":"You may also like","heading_size":"h2","products_to_show":4,"columns_desktop":4,"columns_mobile":"2","color_scheme":"scheme-1","image_ratio":"square","image_shape":"default","show_secondary_image":true,"show_vendor":false,"show_rating":false,"padding_top":36,"padding_bottom":28}}},"order":["main","related-products"]}