{"name":"t:sections.header.name","type":"header","sections":{"announcement-bar":{"type":"announcement-bar","blocks":{"announcement-bar-0":{"type":"announcement","settings":{"text":"Welcome to our store","link":""}}},"block_order":["announcement-bar-0"],"settings":{"auto_rotate":false,"change_slides_speed":5,"color_scheme":"scheme-1","show_line_separator":true,"show_social":false,"enable_country_selector":false,"enable_language_selector":false}},"header":{"type":"header","custom_css":[".gradient {background: transparent;}",".header {position: absolute; width: 100%; \/* font-family: \"trilby\", serif; *\/}",".header__icon svg path {\/* stroke-width: 0.5px; stroke: #000; *\/}","@media (max-width: 999px) {.header__heading-logo-wrapper {display: none; }}",".menu-drawer {\/* background-color: #ece4d6; *\/}",".section-header.menu-open header {\/* background-color: #ece4d6; *\/}",".menu-drawer__menu-item {\/* color: #000; *\/}"],"settings":{"logo_position":"middle-left","mobile_logo_position":"center","menu":"main-menu","menu_type_desktop":"drawer","sticky_header_type":"on-scroll-up","show_line_separator":false,"color_scheme":"scheme-1","menu_color_scheme":"scheme-1","enable_country_selector":false,"enable_language_selector":false,"enable_customer_avatar":false,"margin_bottom":0,"padding_top":20,"padding_bottom":20}}},"order":["announcement-bar","header"]}