{"name":"t:sections.footer.name","type":"footer","sections":{"footer":{"type":"footer","blocks":{"image_fmFCrg":{"type":"image","settings":{"image_width":100,"alignment":"center"}},"link_list_4477ir":{"type":"link_list","settings":{"heading":"Quick links","menu":"main-menu"}},"link_list_rGB9qz":{"type":"link_list","settings":{"heading":"Support","menu":"footer"}}},"block_order":["image_fmFCrg","link_list_4477ir","link_list_rGB9qz"],"custom_css":[".footer__content-top {max-width: 1800px; display: flex; justify-content: center;}",".footer__blocks-wrapper {max-width: 1180px;}",".gradient {\/* background: transparent; *\/}",".footer-block__heading {\/* font-family: Amador; *\/ font-size: 2.5rem;}",".footer-block__details-content {\/* font-family: \"trilby\", serif; *\/ font-size: 2.5rem;}",".copyright__content {font-size: 1.5rem; letter-spacing: 0.5px;}","hr {display: none;}",".footer {border-top: 0px !important;}",".footer__content-bottom {border-top: solid 0 !important;}"],"settings":{"color_scheme":"scheme-1","newsletter_enable":false,"newsletter_heading":"Subscribe to our emails","enable_follow_on_shop":false,"show_social":false,"enable_country_selector":false,"enable_language_selector":false,"payment_enable":true,"show_policy":false,"margin_top":0,"padding_top":36,"padding_bottom":36}}},"order":["footer"]}