{"layout":"password","sections":{"main":{"type":"email-signup-banner","blocks":{"heading":{"type":"heading","settings":{"heading":"Opening soon","heading_size":"h1"}},"paragraph":{"type":"paragraph","settings":{"text":"<p>Be the first to know when we launch.<\/p>","text_style":"body"}},"email_form":{"type":"email_form","settings":{}}},"block_order":["heading","paragraph","email_form"],"disabled":true,"settings":{"show_background_image":true,"image_overlay_opacity":0,"image_height":"medium","desktop_content_position":"middle-center","desktop_content_alignment":"center","show_text_box":true,"color_scheme":"scheme-1","mobile_content_alignment":"center","show_text_below":true}},"newsletter_JMqJWF":{"type":"newsletter","blocks":{"heading_zPHG3q":{"type":"heading","settings":{"heading":"Subscribe to our emails","heading_size":"h1"}},"paragraph_mTBfdU":{"type":"paragraph","settings":{"text":"<p>Be the first to know about new collections and exclusive offers.<\/p>"}},"email_form_kKY8R6":{"type":"email_form","settings":{}}},"block_order":["heading_zPHG3q","paragraph_mTBfdU","email_form_kKY8R6"],"custom_css":[".gradient {\/* background: transparent; *\/}",".field__input {background-color: rgb(0 0 0 \/ 0%);}","h2 {\/* font-family: \"bebas-neue\", sans-serif !important; *\/ letter-spacing: 2px; width: 100%;}",".inline-richtext {\/* color: white; *\/}",".newsletter__subheading {font-family: \"bebas-neue\", sans-serif !important; line-height: 23.1px; font-size: 2rem; \/* color: white; *\/}"],"name":"t:sections.newsletter.presets.name","settings":{"color_scheme":"","full_width":true,"padding_top":40,"padding_bottom":52}}},"order":["main","newsletter_JMqJWF"]}